{
   "H1_V2" : 566.1358642578125,
   "H2_V2" : -1084.1641845703125,
   "H3_V2" : 796.224609375,
   "H4_V2" : 0.42562508583068848,
   "H5_V2" : 682.4039306640625,
   "H6_V2" : 259.00253295898437,
   "H7_V2" : 0.00084627000615000725,
   "H8_V2" : -1.3607872724533081,
   "H9_V2" : 1
}
