{
   "D1" : -0.0080618042595663204,
   "D2" : -0.0073652755263798825,
   "D3" : 0.0028918252385004175,
   "D4" : 0,
   "K1" : 1071.6718414935344,
   "K2" : 0,
   "K3" : 1372.7829866626957,
   "K4" : 0,
   "K5" : 1059.5168106446429,
   "K6" : 1020.0663892911818,
   "K7" : 0,
   "K8" : 0,
   "K9" : 1
}
